Timestamp,Product Name,Scraped Title,Price
2025-09-26 17:20:25,Pepper Gel Sabre,Pepper Gel Sabre Aim And Fire W/ Trigger 4.5m Range,309.651
2025-09-27 11:05:50,Pepper Gel Sabre,Pepper Gel Sabre Aim And Fire W/ Trigger 4.5m Range,309.651
2025-09-27 11:16:43,peper pistol,Pepper Gel Sabre Aim And Fire W/ Trigger 4.5m Range,309.651
2025-09-27 15:03:28,peper pistol,Pepper Gel Sabre Aim And Fire W/ Trigger 4.5m Range,309.651
2025-09-27 15:16:06,peper pistol,Pepper Gel Sabre Aim And Fire W/ Trigger 4.5m Range,309.651,,
2025-09-27 15:24:28,peper pistol,Pepper Gel Sabre Aim And Fire W/ Trigger 4.5m Range,309.651,,OK
2025-09-27 19:06:23,peper pistol,Pepper Gel Sabre Aim And Fire W/ Trigger 4.5m Range,309.651,,OK
2025-09-27 19:10:27,peper pistol,Pepper Gel Sabre Aim And Fire W/ Trigger 4.5m Range,309.651,,OK
2025-09-27 19:13:12,peper pistol,Pepper Gel Sabre Aim And Fire W/ Trigger 4.5m Range,309.651,,OK
2025-09-27 19:21:20,peper pistol,Pepper Gel Sabre Aim And Fire W/ Trigger 4.5m Range,309.651,,OK
2025-09-27 19:24:40,peper pistol,Pepper Gel Sabre Aim And Fire W/ Trigger 4.5m Range,309.651,,OK
2025-09-28 02:10:32,peper pistol,Pepper Gel Sabre Aim And Fire W/ Trigger 4.5m Range,309.651,,OK
2025-09-28 02:10:48,peper pistol,Pepper Gel Sabre Aim And Fire W/ Trigger 4.5m Range,309.651,,OK
2025-09-28 02:10:52,peper pistol,Pepper Gel Sabre Aim And Fire W/ Trigger 4.5m Range,309.651,,OK
2025-09-28 12:31:40,peper pistol,Pepper Gel Sabre Aim And Fire W/ Trigger 4.5m Range,309.651,,OK
2025-09-28 12:58:38,peper pistol,Pepper Gel Sabre Aim And Fire W/ Trigger 4.5m Range,309.651,,OK
2025-09-28 13:09:08,peper pistol,Pepper Gel Sabre Aim And Fire W/ Trigger 4.5m Range,309.651,,OK
